{
  "hash": "31e8d897",
  "configHash": "1ecc18e0",
  "lockfileHash": "3ac955e7",
  "browserHash": "8e0dfd8d",
  "optimized": {
    "@angular/common": {
      "src": "../../../../../../node_modules/@angular/common/fesm2022/common.mjs",
      "file": "@angular_common.js",
      "fileHash": "ddd70f84",
      "needsInterop": false
    },
    "@angular/common/http": {
      "src": "../../../../../../node_modules/@angular/common/fesm2022/http.mjs",
      "file": "@angular_common_http.js",
      "fileHash": "cb49de59",
      "needsInterop": false
    },
    "@angular/core": {
      "src": "../../../../../../node_modules/@angular/core/fesm2022/core.mjs",
      "file": "@angular_core.js",
      "fileHash": "8be1ec68",
      "needsInterop": false
    },
    "@angular/forms": {
      "src": "../../../../../../node_modules/@angular/forms/fesm2022/forms.mjs",
      "file": "@angular_forms.js",
      "fileHash": "c3f4b750",
      "needsInterop": false
    },
    "@angular/platform-browser": {
      "src": "../../../../../../node_modules/@angular/platform-browser/fesm2022/platform-browser.mjs",
      "file": "@angular_platform-browser.js",
      "fileHash": "89c4a973",
      "needsInterop": false
    },
    "@angular/router": {
      "src": "../../../../../../node_modules/@angular/router/fesm2022/router.mjs",
      "file": "@angular_router.js",
      "fileHash": "0b8c23d8",
      "needsInterop": false
    }
  },
  "chunks": {
    "chunk-IANQN7KO": {
      "file": "chunk-IANQN7KO.js"
    },
    "chunk-KSWCPEAY": {
      "file": "chunk-KSWCPEAY.js"
    },
    "chunk-PF7QABWO": {
      "file": "chunk-PF7QABWO.js"
    },
    "chunk-YNK7CL7V": {
      "file": "chunk-YNK7CL7V.js"
    }
  }
}